,P12S,A16T,L19F,D36N,L49F,E61K,S80F,E102K,E108K,V117I,R118K,R162C,R162H,V182I,G194S,E195K,D207N,G236S,E237K,D250N,G251S,G263R,S264N,E270K,R273K,E277K,IC50
AmpR#1,,,,,,,,,,,,,,,,,,,,,,,,,,,"0,034"
AmpR#2,,,,,,,,,,,,,,,,,,,,,,,,,,,"0,034"
AmpR#3,,,,,,,,,,,,,,,,,,,,,,,,,,,"0,034"
AmpR#4,,,,,,,,,,,,,,,,,,,,,,,,,,,"0,034"
AmpR#5,,,,,,,,,,,,,,,,,,,,,,,,,,,"0,034"
AZT-01,,,,,,,,,,,,1,,,,,,,1,,,,,,,,"4,8451"
AZT-03,,,,,,,,,,,,,,,,,,1,,,,,,,,,"5,7819"
AZT-04,,,,,,,,,,,,,1,,,,,,,,,,,,,,"7,3927"
AZT-05#1,,,,,,,,,,,,,,,,,,1,1,,,,,,,,"3,2082"
AZT-05#2,,,,,,,,,,,,,,,,,,1,1,,,,,,,,"5,1378"
AZT-05#3,,,,,,,,,,,,,,,,,,1,1,,,,,,,,"3,8253"
AZT-06,,,,,,,,,,,,,,,,,,1,1,,,,,,,,"114,0781"
AZT-07,,,,,,,,,,,,,1,,,,,,1,,,,,,,,"9,3485"
AZT-08,,,,,,,,,,1,,,1,,,,,,1,,,,,,,,"19,1657"
AZT-09,,,,,,1,,,,,,,1,,,,1,,1,,,,,,1,,"20,2169"
AZT-10,,,,,,,,,,,,,,,,,,1,1,1,,,,,,,"5,8903"
AZT-11,,,,,,,,,1,,1,,,,,1,,1,1,,,,,,,,"3,2162"
AZT-12,,,,,,,,,,,,,,,,,,1,1,,,,,,,,"4,4208"
AZT-13,,,,,,,,,,,,,,,,,,1,1,,1,,,,,,"5,4023"
AZT-14,,,,,1,,,1,,,,,1,,,,1,,,,,1,,1,,,"15,3313"
AZT-15,,,,,,,,,,,,,,,,,,1,1,,,,,,,,"2,5701"
AZT-16,,1,,,,,,,,,,,,,,,,1,1,,,,,,,,"1,8843"
AZT-17,,,,,,,,,1,,,,,,,,,1,1,,,,,,,,"2,1557"
AZT-18,,,,,,1,,,,,,,,,,,,1,1,,,,,,1,,"5,4249"
AZT-19,,,,,,1,,,,,,1,,,,,,,1,,,,,,,,"5,0415"
AZT-02,1,,,,,,,,,,,,,,,,,1,1,,,,,,,,"1,8884"
AZT-20,,,,1,,,1,,,,,,1,,,,,,1,,,,1,,,1,"120,0359"
AZT-21,,,,,,,,,,,,,,,,,,,1,,,,,,,,"4,303"
AZT-23,,,,,,,,,,,,,,,,,,1,1,,,,,,,,"13,8711"
AZT-25,,,,,,,,,,,,,,,,,,,,,,,,,,,"8,3576"
AZT-26#2,,,,,,,,,,,,1,,,,,,,1,,,,,,,,"10,4652"
AZT-27,,,,,,,,,,,,,1,,,,,,1,,,,,,,,"33,3363"
AZT-28,,,1,,,,,,,,,,,,,,,1,1,,,,,,,,"9,9966"
AZT-30,,,,,,,,,,,,,,,,,,1,1,,,,,,,,"14,4137"
AZT-31,,,,1,,,,1,,,,,1,,,,,,,,,,,,,,"92,0811"
AZT-32,,,,,,,,,,,,,,,,,,1,1,,,,,,,,"17,0471"
AZT-33,,,,,,,,,,,,,,,1,,,1,1,,,,,,,,"4,3975"
AZT-34,,,,,,,,,,,,,,,,,,1,1,,,,,,,,"8,2711"
AZT-24,,,,,,,,1,,,,,1,,,,,,,,,,,,,,"10,936"
AZT#,,,,,,,,1,,,,,1,1,,,,,,,,,,,,,"16,1409"
AZT-22,,,,,,,,,,,,,,,,,,1,1,,,,,,,,"4,5349"
AZT-29,,,,1,,,,1,,,,,1,,,,,,,,,,,,,,"44,9218"
AZT#2,,,,,1,,,,,,,,1,,,,,,1,,,,,,,,"20,32"
AZT-26#,,,,,,,,,,,,1,,,,,,,1,,,,,,,,"16,461"
AZT-35,,,,,,,,,,,,,,,,,,1,1,,,,,,,,"16,3236"
